/*
SQLyog Ultimate v12.5.1 (64 bit)
MySQL - 10.1.37-MariaDB : Database - blank
*********************************************************************
*/

/*!40101 SET NAMES utf8 */;

/*!40101 SET SQL_MODE=''*/;

/*!40014 SET @OLD_UNIQUE_CHECKS=@@UNIQUE_CHECKS, UNIQUE_CHECKS=0 */;
/*!40014 SET @OLD_FOREIGN_KEY_CHECKS=@@FOREIGN_KEY_CHECKS, FOREIGN_KEY_CHECKS=0 */;
/*!40101 SET @OLD_SQL_MODE=@@SQL_MODE, SQL_MODE='NO_AUTO_VALUE_ON_ZERO' */;
/*!40111 SET @OLD_SQL_NOTES=@@SQL_NOTES, SQL_NOTES=0 */;
CREATE DATABASE /*!32312 IF NOT EXISTS*/`blank` /*!40100 DEFAULT CHARACTER SET latin1 */;

USE `blank`;

/*Table structure for table `tbl_head_modules` */

DROP TABLE IF EXISTS `tbl_head_modules`;

CREATE TABLE `tbl_head_modules` (
  `id` bigint(200) NOT NULL AUTO_INCREMENT,
  `module_no` bigint(20) DEFAULT NULL COMMENT '1 = File, 2 = Billing, 3 = ATM, 4 = Settings, 5 = Membership, 6 = User_Management',
  PRIMARY KEY (`id`)
) ENGINE=InnoDB AUTO_INCREMENT=7 DEFAULT CHARSET=latin1;

/*Data for the table `tbl_head_modules` */

insert  into `tbl_head_modules`(`id`,`module_no`) values 
(1,1),
(2,2),
(3,3),
(4,4),
(5,5),
(6,6);

/*Table structure for table `tbl_inventory` */

DROP TABLE IF EXISTS `tbl_inventory`;

CREATE TABLE `tbl_inventory` (
  `id` bigint(20) NOT NULL AUTO_INCREMENT,
  `item_code` varchar(100) DEFAULT NULL,
  `item_name` varchar(100) DEFAULT NULL,
  `item_desc` text,
  `barcode` varchar(100) DEFAULT NULL,
  `id_category` bigint(20) DEFAULT NULL,
  `id_brand` bigint(20) DEFAULT NULL,
  `id_unit` bigint(20) DEFAULT NULL,
  `qty` int(11) DEFAULT NULL,
  `price` double(10,2) DEFAULT NULL,
  `created_by` bigint(20) DEFAULT NULL,
  `created_at` varchar(50) DEFAULT NULL,
  PRIMARY KEY (`id`)
) ENGINE=InnoDB AUTO_INCREMENT=10 DEFAULT CHARSET=latin1;

/*Data for the table `tbl_inventory` */

insert  into `tbl_inventory`(`id`,`item_code`,`item_name`,`item_desc`,`barcode`,`id_category`,`id_brand`,`id_unit`,`qty`,`price`,`created_by`,`created_at`) values 
(5,'00005000010000000005','TEST ITEM','for testing purposes','1231231231',5,1,2,46,150.00,1,'2019-08-25 01:05:11'),
(6,'00007000030000000006','dsafdsafdsafsd','dsafsda','afdsafds',7,3,2,40,70.00,1,'2019-08-25 01:33:22'),
(7,'00006000030000000007','gdfgfdsgd','dsafsda','12312321',6,3,2,29,50.00,1,'2019-08-25 23:26:07'),
(8,'00007000040000000008','sdafdsa','fsdfdsa','1231231',7,4,2,46,15.00,1,'2019-08-25 23:26:23'),
(9,'00005000040000000009','fdsafdsfa','sfsda','12312',5,4,2,23,12.00,1,'2019-08-26 01:44:18');

/*Table structure for table `tbl_modules` */

DROP TABLE IF EXISTS `tbl_modules`;

CREATE TABLE `tbl_modules` (
  `id` bigint(20) NOT NULL AUTO_INCREMENT,
  `head_module_id` bigint(20) DEFAULT NULL,
  `module_code` varchar(50) DEFAULT NULL,
  `module_name` varchar(100) DEFAULT NULL,
  `status` enum('1','0') DEFAULT '1',
  PRIMARY KEY (`id`)
) ENGINE=InnoDB AUTO_INCREMENT=13 DEFAULT CHARSET=latin1;

/*Data for the table `tbl_modules` */

insert  into `tbl_modules`(`id`,`head_module_id`,`module_code`,`module_name`,`status`) values 
(1,1,'loan_bill','Loan Billing','1'),
(2,1,'loan_atm','Loan ATM','1'),
(3,1,'mem_info','Member Info','1'),
(4,1,'mem_acc','Member Account','1'),
(5,1,'atm_list','ATM List','1'),
(6,1,'collection','Collection','1'),
(7,1,'sdlis','SDLIS','1'),
(8,2,'billing','Billing','1'),
(9,3,'atm','ATM','1'),
(10,4,'settings','Settings','1'),
(11,5,'membership','Membership','1'),
(12,6,'user_management','User Management','1');

/*Table structure for table `tbl_token` */

DROP TABLE IF EXISTS `tbl_token`;

CREATE TABLE `tbl_token` (
  `id` int(11) NOT NULL AUTO_INCREMENT,
  `user_id` int(11) NOT NULL,
  `token` varchar(150) NOT NULL,
  `datetime_created` varchar(30) NOT NULL,
  PRIMARY KEY (`id`)
) ENGINE=InnoDB AUTO_INCREMENT=276 DEFAULT CHARSET=latin1;

/*Data for the table `tbl_token` */

insert  into `tbl_token`(`id`,`user_id`,`token`,`datetime_created`) values 
(1,1,'63b557d082a72783e4389dbeb1bf0e30a3c571d0ec540f106c23eab1196d5bb7769fe5','2018-10-26 11:14:58'),
(2,1,'274c6c86f2fcd8a84a3d584843bd96601bef1a661b646350bb2c10ce0d40ffb33d8e0f','2018-10-26 11:22:08'),
(3,1,'db07ac31c3d6fa3af4feed3fd533963b76b5af276f8cc7ab47ba09fdc357cfce3cdb1c','2018-10-26 11:23:43'),
(4,1,'371d61b437c65bdef5a7abd7f426d1518c6dac3dd719d50906a5a1095526bf6c13b416','2018-10-26 16:49:48'),
(5,1,'11a2ccca63af24a3c2a5403a290e31271c83924900ec65ef9e020324835157244cb66b','2018-10-26 16:51:05'),
(6,1,'4ae5495dc79c060d7361d305ec80413c7f5684fc068090ae3f4d51e46f5ca2f6f106ea','2018-10-26 16:55:39'),
(7,1,'6ddd8cae0eb56c5360cf2a253525229b0c4a5f3ecebdc045f20f02b2f01c440d8c41e6','2018-10-26 17:22:28'),
(8,1,'22628c8d28599b02e37c2e02caf565439c8a77034d67236d4f6eb61f1d1a50b58e31e8','2018-10-26 18:02:59'),
(9,1,'9dc8874fa87107e506d018dde16ab5d1801d71d2f0f0ae0915ae72c5a803cceb567488','2018-10-26 18:19:01'),
(10,1,'d359cd9520b42e62f047fe4d81af96072b59e3cb870b70bf99793d9bc751a0e881d938','2018-10-27 08:31:43'),
(11,1,'b01d56dedfb47bf56f303c65b8ce8bd1b77e67cd8b0f2e8e3548e45901637dfafab7be','2018-10-27 08:57:17'),
(12,1,'70d950413bea01967f1eba1054d075fd3765126aa80a562a043e63d6a10ba48141de2e','2018-10-27 13:22:34'),
(13,1,'94f9ae99f29734232a240202eb53b17ac84e3e21117342a413e9a1cb3955968a62f8bb','2018-10-27 14:15:28'),
(14,1,'b78a27d704c46915fd6b23a91b49a615bfd6fcf4e2813d93ba9307e75488af8a2a01ee','2018-10-29 08:45:13'),
(15,1,'32a6b64c70c1e484d7e189740e2096d0f6b5aedb229572100c057a81e8058e05566d4f','2018-10-29 10:53:18'),
(16,1,'7918a73d35a9ac1c6b7db3b6b09efa60e2e7c0e2f6fdf6cd2a93a1bcec8d2ed3668925','2018-10-29 13:07:09'),
(17,1,'ea7d2c36e03c1de29658bba8b88b6b25ec2601c7fb976cc81af6e5daa6ec3b3d0458b1','2018-10-29 13:20:40'),
(18,1,'0db388e3e502b9ad6b9478bd09764387ffe08d7d7a4d1c671e5ea5a1c56c20c685eff3','2018-10-29 14:42:19'),
(19,1,'30cb6642a0c31a72cec0be686250a78f0dda9e3a5d9f7303d0273eac0e0299d3842756','2018-10-29 15:11:49'),
(20,1,'1c0aaa12ac3b6d3204a588376509155a1434058216bdbc84df7c8bbd39b12ce151803f','2018-10-29 17:00:35'),
(21,1,'26b56bc3718fbab729716cf56690f0eab4106386d5e948433c86a9817f63ad96e675b3','2018-10-29 17:07:41'),
(22,1,'4228018f10f0a558533471e4641575cf03e970b70c762bd1ac24c5c1cb013859c1d44a','2018-10-30 15:07:25'),
(23,1,'a7e80bbcaea1a900f896ed4d72d876b818641087d52e7dc274505fbcf62ff84b6de0e1','2018-10-30 15:36:31'),
(24,1,'7594e8e7429fc7480332ecfb01279c79ab12e9833bd8163faa49c10e6454762894b93f','2018-10-30 15:50:11'),
(25,1,'f270b44c75d27d0a771b683a2d9c41278d5bf28f48544e0140c95841f68d2fe6c0c14a','2018-10-30 16:01:12'),
(26,1,'b097b5c3ece48e0a5753490dcdf6d961714e4bd6dd07600dd2b49c32640a2df7298586','2018-10-30 16:35:47'),
(27,1,'283310eb25dfe598fc4ca39b2b349e43dbac1a3834a850a856eab8be0a7c588da719ca','2018-10-30 16:37:06'),
(28,1,'c441935c2877439706ecd8c89e78daace5faec5240a2e1af4e529f6ceb3fdc0ebcf46b','2018-10-30 16:53:29'),
(29,1,'4f2ac224a605b6bf6cadc9825af7eec3773e6235b1662d7d105baea7e2b19d0bd48706','2018-10-30 17:05:12'),
(30,1,'a98bb86c42152e96d39da9832379962d9eee66637773972a3c094313dee5823f1f02ac','2018-10-30 17:06:24'),
(31,1,'7bc443ff0434655a5eca0ce0a7e7c1760427438aab56cd3df41459b9555f467c8ff503','2018-10-30 17:10:24'),
(32,1,'1c101415298f9395363fe3322496bc9d4d55a68a0b42d0908f81f9ccd471c4d03c555f','2018-10-30 17:18:47'),
(33,1,'1df8d8f819fe1ee4f6136a0e820b61c71a5b72bd2379efd627f2f467f5257153098d71','2018-10-30 17:20:24'),
(34,1,'867153b70c5ee55b0467c7bc2c31c97671bec8ebe72687c7f32444138bd9361f78e64d','2018-10-31 08:33:35'),
(35,1,'cd25dad89a6a5c4c6370b2bb58df6d3ebffc8940f87c164f358ec6b31c73606d409afc','2018-10-31 08:34:57'),
(36,1,'462d90e22aa7ed1f985d7d5b969dfb0f6f6d78497ea829575de2c6a7a23cf33f95211a','2018-10-31 09:32:47'),
(37,1,'dccda3ab3b679adb5a316d5b38c87f375ae15455c0886e349716e9b55e6a84d38eeee1','2018-10-31 09:36:03'),
(38,1,'c4f355e1ff0c95d558dc1c91c453500cad8916b3206de4a5f99008677613b330271e0d','2018-10-31 10:20:24'),
(39,1,'275649fad46e6c04fe5611fde9093f5bf4b06d9cb4fb30d9bb549f93327c0a1c0745fd','2018-10-31 11:26:12'),
(40,1,'36560b62df358b5aacaff08d805d234abf2fe21d6610183f6cf0a86a1ba019ac100052','2018-10-31 15:22:51'),
(41,1,'3a487fcc1c8aed2abebbaf0a2c05d499fdfcc96c8da4b17cbc97a18004d166b2f5e655','2018-10-31 15:54:15'),
(42,1,'b9d1438aff9acf3f2da1ca42ba33533e1c0ca97f03de06df9f46104315e883455b3207','2018-10-31 16:23:30'),
(43,1,'7b01d444b370f2af77993f4723a4eb095bb33ffd30f6c6fb306d9c2de6507bf0cef521','2018-10-31 16:50:57'),
(44,1,'688e2408b5502b2de46c6cd635e4de3f91d9eb1f884ebd51120f5fd9edc273e9f409cd','2018-10-31 19:27:22'),
(45,1,'bf9d8d51977b3705807a9e98a0dd111894814e6348663a0a98dd31e03862ac0f13aea7','2018-10-31 19:29:38'),
(46,1,'0c341921cb5632aeae7c8e3ee2632350dfb2502599919201c39090a7d0d1ea40546d0c','2018-10-31 21:38:49'),
(47,1,'b9cafa4adbbc1fa6942413f71a7235f2dbdf9d54d448475466df31f10fad14e4dec98a','2018-10-31 21:49:47'),
(48,1,'b5538391794fb1aa3f17de08ed494f49e25350876dc5bdf12f2a16a855c5068158c3f8','2018-11-05 08:14:10'),
(49,1,'4bfebbb2ab2f84072022815f98b5b614c3abf532e0dc27fd02519b88a47777cd7e2fab','2018-11-05 09:04:31'),
(50,1,'a816a2f22a28c434845b7f4327040ba21bd02c1997443f91fdc558a9b57aee9e4ecbae','2018-11-05 09:12:02'),
(51,1,'9d58296ddd5296689e79faad061b25aedd3bf33adf440b9898c7f734f40b99ca6e7357','2018-11-05 09:26:36'),
(52,1,'39937897e2eb7d041c7bdf0b2ee8ebae2fb9a9a87b3bbf77c69bba5b669c34da741b20','2018-11-05 09:41:34'),
(53,2,'fb7eebf16065014458b8931e2a16e9e848be45a552522198fb26aaab7ca2b195247a1c','2018-11-05 09:44:02'),
(54,2,'222973afa0658f7d171c453dc6686dd0d7e742504d19084a4d5067f73653907c8b1726','2018-11-05 09:48:10'),
(55,1,'fdb392e53e56d550767ff13b1fdf0909198a06313399bf9e70ec0db198d3f068d9010f','2018-11-05 10:28:57'),
(56,2,'7f3e0b121ccac30271254d567ff2300d06eca7cd436763a774dadf6b42e0a7c3e0328a','2018-11-05 13:43:28'),
(57,1,'81b126a50584f50b8764f0fadb7f8f9cd3c5014dea3bca76d1af179f0405bbbb4bce58','2018-11-05 14:31:09'),
(58,1,'01b7c46b4d7e9b64b7bad88bb9d10646d975e43034d9d666976a1387d99b3326948574','2018-11-05 14:49:38'),
(59,1,'c4a0b3176072636ea5cd4ab301c55d6b6b3d31c433fea3181dea18cd3662b4a9ac43b5','2018-11-05 17:22:31'),
(60,1,'bfa942fb39b152498fe0e2bad22bad4ab5f1fd82b730890af0f9ef9c6f9465e03e423a','2018-11-05 17:47:08'),
(61,1,'af175f757960826e60df772c179c118c21d5e7207d87bd8aa84a4866a18cc4b3dba7a7','2018-11-05 17:53:32'),
(62,1,'538f8c9e4fc3ce8a9a07961248a7b325683f553327e212521cb24d7a1f31acd8ef30a7','2018-11-05 18:45:28'),
(63,1,'e87ae8065c05ba33597c50bdb0f05e99662b5114fec5ecc2559f82d514582c8bd39d46','2018-11-05 19:03:44'),
(64,1,'b5dac7f1b42ca455c86f1d87af6470b43a959227b2ed3c1c0d44a4c5f3724e98ebca87','2018-11-05 19:05:11'),
(65,1,'c4fc4eb432ee386deaec51bea02fab6f520b30bd9c36737f71490f75f77ea8e9d72dc9','2018-11-05 20:17:56'),
(66,1,'4fbc3566f1ca933cf3ce99f551dee6d893e857694d852497d5916bfeb3bbfe32683db1','2018-11-05 20:32:02'),
(67,1,'bbd2e2ab06442b78120ca0d80bc93324765dd7c5472afa1e87ec70f118baafe186028b','2018-11-05 21:23:06'),
(68,1,'9ae4c9728e1780b1af7fcf1f031219eb57acab1f20999e441a412f3411ac247a6142c2','2018-11-06 08:08:52'),
(69,1,'6961d6d0041805e3d3d7f4828e6f4aa90f86abe9ec184ee2a14442cd9948221c9f199c','2018-11-06 08:16:00'),
(70,1,'55e49b4e6536f1989223a8a60dc3ff6b99ab2af7953db22b1f961617ad812674cdb33e','2018-11-06 08:22:06'),
(71,1,'1ba33a7cdae53542de10258d6f58928d21ae21a0cffb38f0bfa9b0dd0e9fbe305d107c','2018-11-06 08:27:32'),
(72,1,'d65bbd4304604ed5f8067b3518e0a287f37167deab24e3e0390328553a8cbd6658a82a','2018-11-06 08:32:34'),
(73,2,'90fd6f7c67d247e86fbf59de07537c3f2c4cc3581a9b05130978bea0bcd316e25b15ea','2018-11-06 09:01:09'),
(74,1,'6cde2455667db69438ab98107167d34facb94ec7a1cda67e568deeeba5dd05cf0edd30','2018-11-06 09:05:42'),
(75,1,'81beff14edeb2c089ce741a4e169cfbbc9f37b86d0bedbd8890c85fa940dadd04805a7','2018-11-06 09:31:38'),
(76,1,'81f08662d5a1a51e77b68d8835e663d9e131c4a4d1aacbe0e24071373fdfa3cc386810','2018-11-06 09:34:11'),
(77,1,'7f67ae27f09b6cd042b67069a4d3f5d33a0329dcd8e36584cba24a0d4b01ab68ad9f20','2018-11-06 09:47:39'),
(78,1,'40d5dac17cb7fed414e4c20354ce06ee544c96d64d4f1887a98ac0ed40ad2d10aa56ee','2018-11-06 10:10:33'),
(79,1,'c4adf3eadd7da03ea3006fe1826f0175bb20be1aff133ecf61d93f1e70ad486b88e348','2018-11-06 10:13:45'),
(80,1,'aa84a553328c7773e989f86673de272f3dc6a167ba4cd8da5bcdb5f1681bec102673a0','2018-11-06 10:21:29'),
(81,1,'5e3c3ab71c11036aabe48b3a6e98a0407df59ddbbc419a2ad42a3857ed51805cdf274b','2018-11-06 10:29:46'),
(82,1,'ce05e8dd591bde7ffcf070bc280797df345b7cccb948a4e96a6d51eb75efbafbd5db18','2018-11-06 10:48:44'),
(83,1,'600a0a35b5313f78210f01389fb4a3a19b8c48f476bfa98705e484f6f7d903f1e8dec0','2018-11-06 10:55:05'),
(84,1,'cd1273e46b7bff78028392a2009e3c498c711596f72107bf5cf68c4596de54aa5f2ee0','2018-11-06 11:03:36'),
(85,1,'b687be3077265113e4585bed36a04e0f8d64e45593c4393aebf30a600f8ac715a4208f','2018-11-06 11:35:49'),
(86,1,'e15055db92e687680a4c7ef3a49a0581f9cfb86b83c2edbc0e0c84e5f8762ce30779a3','2018-11-06 11:40:47'),
(87,1,'70a8353969c4f742dff80b9f589a2b7d5963ab07a2f10656b5df01e14871db5197bbfa','2018-11-06 11:42:17'),
(88,1,'ff24cead61c1eb6f635922cbdf74ac90657b9e021cd6d2d2ef3c2b92092f2024367171','2018-11-06 11:48:07'),
(89,1,'9acfa018203747abc24ccf5015590e72b2250abebd3466da60a572ff1b56a66bce76cb','2018-11-06 12:00:21'),
(90,1,'d37f251414c46aec0163050c18616ef5de9c988422659915aee89fc9f60b97f9f5de2a','2018-11-06 12:57:54'),
(91,1,'a08274ac326eaea8c287c395e8a1865b38b3d1d84dcfb91628bccab7121eb438a5eb1a','2018-11-06 13:18:20'),
(92,1,'5d5600d771e678e19d417a060477bcf291de698094a8565213a91eb89ae4780d257cce','2018-11-06 13:18:45'),
(93,1,'b8b444b9e127d91d2f9f64d2614186d9ede84c5f38854692072a86459aa0943a7ed18f','2018-11-06 14:54:06'),
(94,1,'27baa1abf69f2c3752fc0a1c6ed0e6aa8a3d05d81774d11cea2a52e59d367df3fb0c32','2018-11-06 15:28:50'),
(95,2,'c4bf9619180c99ce346e542ff592c577d18e25eed9a82e1f8f32c4439fcae1144f1dc5','2018-11-06 15:32:30'),
(96,2,'b52b864561a1b165dbd1dc126585aaf7ab25abe5acb8d774fe1b56b9e2ec33713daec6','2018-11-06 15:34:47'),
(97,2,'79b528eedd8f6dad350bf8cd3bf170fbb38cfe40f0e8bb49b226fbf379664b0d49358f','2018-11-06 16:43:15'),
(98,1,'880e02d2128f59a75c5269f86c80beb441fbc8f48fc778fb79d2e591fef5eddfb20612','2018-11-06 16:44:50'),
(99,3,'8a875849835e16f1ed96c9a2dbf83e84066581fe18c3f79470e783f3cff0706863c15d','2018-11-06 16:46:18'),
(100,3,'e5b80e8dfc02ff8a0f30536a5c8e7768ccee334c36b18300fdd856a59466cb4aebf7a7','2018-11-06 16:50:40'),
(101,2,'8295f4a8925660d097e82ed4aacf2acbcdb788f361b4b10fbbb6c65da40f7a808de455','2018-11-06 16:51:59'),
(102,1,'92d27308c0b530b3241e963c877131292a265b20822d9606ae241652e1ef01dbf1821a','2018-11-06 17:14:12'),
(103,1,'4f041da0037e52a4b6c03bece552f94c5398c0273ad6a0625dea4e0150adb73e2d2307','2018-11-06 17:22:31'),
(104,1,'022f5e127396716aa5190506627a26e14bd9491460b61be5904cc874256036aac13a5f','2018-11-06 17:35:40'),
(105,1,'4f0e44f495f4006b69fe2a1e6988ae9f74ddf52feb63a54688392de87be23909ad2cff','2018-11-06 17:53:54'),
(106,1,'66e3f3326ef8ca487802876cd2ab748016d434775da73d39afafe814c689ebc5260555','2018-11-06 17:55:30'),
(107,1,'e4d2dc714c9b0ef73cd86359aebd41260c7ed7e67ab7a3496ce910623627186ffa2ff5','2018-11-06 18:01:38'),
(108,1,'2ad6e7576c46f35fd97f61b0dbb1fb45725a501dd3bce370724f85cca3cf5967cfe6ae','2018-11-06 18:01:48'),
(109,1,'73e792e238bba58a2d9652efc0c864ef355d998bb49ac3fe5f3ed44eed878948bd051d','2018-11-06 18:56:29'),
(110,1,'76804a5f00f75aac86d62269932623f283c4147f38738a856e6043fe27703902cf4ad7','2018-11-06 18:56:57'),
(111,1,'e8a391f97a73ded0646e49abd2b006fefefb4e024bab1143f854a15ea389e35663c837','2018-11-06 18:57:57'),
(112,1,'c21f04ed6876370c58014826327e21ce79dd91a3f82b647f91632f4b46827617002800','2018-11-06 18:58:00'),
(113,1,'5b95c1eba519f5d9a814d6a8d3829bfbec87584c3b2a15ec419d6b004f12b26be03715','2018-11-06 19:33:54'),
(114,1,'e0632a3d70830227dab9b4f552a2a550fc5f0c36bcc4be3112a0ba41e933dbfe7553e9','2018-11-07 17:53:23'),
(115,1,'6b89b1a08eb724af90587441dc9cb9f5b14e165197df6adfe818d867458058ebdf8aee','2018-11-07 18:05:47'),
(116,1,'8278c795dc7a0e681e1afb196fb69397d2073efc151b6025ad71aa7564bb027d059207','2018-11-10 14:33:15'),
(117,1,'5eea5dd4063df0486095b4cfc6e32bc39424e4cc8236f3ce1882f0e96652c27cb6181b','2018-11-10 14:44:24'),
(118,1,'3974af40de62a1c97f0b2192da51fa04127e21f351b13698ceca526fd68e0b43b0b085','2018-11-10 14:47:54'),
(119,1,'c82c0a36d0a7a6770693aca8972941b749476ee690782d042dcbf9b5719d8e1b5f9b06','2018-11-10 15:05:25'),
(120,1,'80f26ca3d8686c38bfd62b795d38cd8475e24e4ce17f5ead860860523b669762e8e9b9','2018-11-10 16:33:39'),
(121,1,'140de333b4c49a66dae3beaf82d1b5e7421a2afbccb7850db244391896d7d2be1c9883','2018-11-12 08:14:39'),
(122,1,'1dd2e7ecfd5a9ba90f0f9e2764840167e9293b621038bcbc3b75fb15c54270d99a2ebc','2018-11-12 09:02:50'),
(123,1,'d39b88d1370afc5bd9af47a0a00f05c83c4802f37cb68fab4f6a576dd775991afebfe2','2018-11-12 09:46:10'),
(124,1,'2bb20c948daa4c52cf8a5a51229f86947d937749ae075f753dcc66dd14fea331c2b382','2018-11-12 10:11:48'),
(125,1,'c0ba474c0adc2b0af3742ad0ab2adbb26cf48df0ae3b02038b909ae4f5496a931d5ec8','2018-11-12 10:13:41'),
(126,1,'326de0789bee559911a1d8606bec9bd7739365c08fdc63c0b188b3fbf58f260e577304','2018-11-12 10:44:34'),
(127,1,'7b91f0226f79b24eb1520486b89577dc654fa0d41db3d45c18eda9c62d93cf750ead61','2018-11-12 10:57:50'),
(128,1,'e636f973d474cd58ac94d427921d57ee496748d18ba9d8a308b6dfd8384af114894a5f','2018-11-12 11:24:45'),
(129,1,'d6955edfd9969fa4b6398a4b6d08ca0b05cc27acc7879cc9f492630fecea8806a034e6','2018-11-12 11:25:57'),
(130,1,'c676019a6a34aeef1fe407e5ce466ff9d9e3f1c563ad71f3cc123a1512ce2ab703fa01','2018-11-12 11:32:32'),
(131,1,'74ca50f9869886fa4e7aa63a385d1d6f3ae107d24b856f91bd7e4f100fdb143e014254','2018-11-12 11:38:47'),
(132,1,'479a496e22fafb4cd613db1118be7f69ca5aadbd3a0bb47e38979b1444826f9138e41f','2018-11-12 12:07:40'),
(133,1,'58270d21f38af6d345c3d21c031987d8ed2d8c29aaa11a1464f227668d4734b5812406','2018-11-12 12:21:10'),
(134,1,'7ba22b057a6f874b7fd278a8b068613eddbfa29c7d9247486a55e80b818df8f897e5cb','2018-11-12 12:54:01'),
(135,1,'9e773e0b9b8d1380f260809de52a5bd89adf5ac2b4c12cdd3a337896123a3fbe8534d3','2018-11-12 13:05:12'),
(136,1,'84bfd6204def318e63a33d7cc72c37402c6ef966aff93a175189f225b48ff82973e344','2018-11-12 13:28:49'),
(137,1,'9a9c9affbf4196092e9c465ee86d4e8b0812b22d36635a6a4b68e28ba3c9608b39deb5','2018-11-12 13:58:09'),
(138,1,'648d287ee7962a58330e750ca731636ebc1edfdb171dbf173228bf297e046cbeb2b75b','2018-11-12 14:06:42'),
(139,1,'8aee51b500c4641b533c6276b341ca92f0d1b6dbea795aea51f76587881c380a3e0bc9','2018-11-12 14:08:54'),
(140,1,'16593e4da64a8ec291469e47d36206fe29647488bd88fb9321a9b86c3fdc28f43e89ed','2018-11-12 14:24:14'),
(141,1,'692ad848993a06fc1b74999a24215cae3c376c686a7367bdeaef9893306f43dd9378f7','2018-11-12 14:33:01'),
(142,1,'99e2a823c12604d63994f233829e860878c09d0e7bb7358e8e0293a0e5ea1e06820a50','2018-11-12 14:47:13'),
(143,1,'e1480780d17860e91b0d378c5bb3c3ae9f46bf1d0e45097b1919a26617b926354824a3','2018-11-12 14:57:02'),
(144,1,'58f7e2634e5430541023708d31973b537b8eb75064fbcb5f6418aa2e228080e5ff71cd','2018-11-12 15:10:40'),
(145,1,'23485f37a25efc0def7ca93db8533da47507fb980b681669d18c2bb5c524dd7b129ffc','2018-11-12 15:11:18'),
(146,1,'a3f17c39f47ed9506629894e9190fa0f40368b7a15cd8ba604dc9176bc5b885f846a50','2018-11-12 15:25:55'),
(147,1,'25be1d62233e61e1d90d5a7b7f08a5922f226d9a4d6d199b737a922e1efce68f5634a5','2018-11-12 15:31:03'),
(148,1,'6c35fe782207dc25a6023dfa5122bc4b6f21b07e9ae8bf4ef2ad363edc5180c157799d','2018-11-12 15:31:23'),
(149,1,'0a8c845059ab94eedbd4168a7e7a8853bfb2a66eb4747500783d7d83d72543dc0a758c','2018-11-12 15:35:23'),
(150,1,'5f3ab087e5e66d620aded413da79dc8ad0fefe8d267b3a003b4942c1dac9b88b0e8f04','2018-11-12 15:36:49'),
(151,1,'e6a05cef10a6c9c9c869a6aa75bd6f572b36a5917141fe51c7495a297651e81d175e8f','2018-11-12 15:39:22'),
(152,1,'6c10458fd206bf73f3da86b90d1edf0ef5080a070d16bab051e1ed817fcfd842a14b41','2018-11-12 15:48:56'),
(153,1,'7e3fd6c9cb40c6bf05782f25f645351665ad63580e8fdf70ea2bbb16f7defa7d82c12e','2018-11-12 15:49:37'),
(154,1,'f24ba1cbbd1d587fbabdbecd2106224c6d8d97be34d8c3da776a2268fa422fb12a4cc1','2018-11-12 15:56:23'),
(155,1,'91f07df34d625f5dad3f6cb63c27ccea9daf756d9e70e19564bd6cc2fe630d84ab1048','2018-11-12 16:35:50'),
(156,1,'1ff16e6fcf84b443cd4f2dadaaf56bb2a8e7c18b5cbf1acdec5b5b6b233e528b3ce53e','2018-11-12 16:57:48'),
(157,1,'d7cdc9beaae13f653b8279c15f3eb573e8adc7703fec6170e478c73e3390fc4759a35e','2018-11-12 18:06:53'),
(158,1,'f522625bb564721481ebdb56cbe2b55d942872373c0de9582c56a134d248ce28424c79','2018-11-12 20:10:23'),
(159,1,'e5073374c37a7d560e1db3a6bf7f6d1b8cc2ae2d02ff486abdedf3856e1dd84884583e','2018-11-13 09:18:20'),
(160,1,'d8fa6974a4e99afbf03c43183ed2bd14603a6e7aa96435112ea42405592b75de7e39eb','2018-11-13 10:09:38'),
(161,1,'079e4de06330599b441486c80946b541b623a5814ecbe9ea031ed5857d396ebaae3dde','2018-11-13 10:31:54'),
(162,1,'e5e9c3565a5ae413cfadec5e750f9a1aa5128752d2c346ed5601f7c93b26f6b200d02a','2018-11-13 13:51:31'),
(163,1,'87b3529ae4fa46981b997150aba2b8f93747991e7239efa3fb02395008d176593fa8af','2018-11-13 14:03:06'),
(164,1,'af9ea423c31f3e30053658536fc5b1e9e3a72139f6835f54f5b3a36d77c02ebb5633a4','2018-11-13 15:02:38'),
(165,1,'ce8d255b9257ad72438bbca443c655f9212afaeccabf23cfe573ec82e3120e4167b5b0','2018-11-13 15:20:11'),
(166,1,'9075f3fe5f7b5e8724597a4a283196a68054e2e2865181a8beb807cb2f787dd0fe8dc7','2018-11-13 15:28:12'),
(167,1,'56a2b4de455501b6f9f2571e9e6738c27f2cbc0baec55123bc035c1e829a3d3e1d4abb','2018-11-13 16:03:20'),
(168,1,'b6adbde95cd9e2256974bb2e4768709bced86233085490e8305d280395d1d47014fc76','2018-11-13 16:08:29'),
(169,1,'34f0bf60a6d46d6e5c3e9d3c5321ca39036f424c32839588890a99f14c08ec4a0b383f','2018-11-13 16:26:28'),
(170,1,'045605d2f93c954d191158810b005d7b46777cd07e174a953e7af340f0fb0e3a4c45f5','2018-11-13 16:34:51'),
(171,1,'494f0d1d559608dd26baa210e41e23d5e82c3dec1143b441566d4430eddf1353b1e728','2018-11-13 16:36:34'),
(172,1,'88ce40137a032bc734a7da5ba5bc1d6f11197b1ae1e8f40cd99e168273bb5398a791c9','2018-11-13 16:36:34'),
(173,1,'534de6023cc12e52554b817b2a8e8804ae5bcb131c88c95e263f12e7605bf67ee5d7d7','2018-11-13 16:36:34'),
(174,1,'3ff6b0e7689057d146bcdf10b7257230e6bd9decb4dd2cb11a088a656b6438e345b9cb','2018-11-13 16:37:43'),
(175,1,'6076eb30a8272b21aacf3d231f2e3b6c10f0a6ee819db411d4ae1be0b1e219a9db0400','2018-11-13 16:44:49'),
(176,1,'6afe7f69dfc9742db4c8661b58d77201b29c620c586653ffb249b1ca80ba0d184fdb0c','2018-11-13 17:05:19'),
(177,1,'e27064f8031c4fec43a0beb17091cae990b08665de56d41ceba88006c7dbced5a2a090','2018-11-13 17:18:38'),
(178,1,'fc477151789e7988cb63f93ed6e43acadf4519866bd24e729fc7ccbcba9fdc28caed26','2018-11-13 17:30:25'),
(179,1,'4db02ce25ae514a6767a207c946c14f40fb389a6fbd4cf59a0aecf819de73ea145b80e','2018-11-13 17:37:02'),
(180,1,'dab087d8ea6774494f6dfe7b3fc870f6a0cdffda65c0eb44c9d7c93f1b4115e44a3234','2018-11-14 09:19:06'),
(181,1,'50db504feb470dd210cf5136b20d3d7ebbc29b74ee2e4b00f09fd4c1f230f83e9885f2','2018-11-14 11:13:50'),
(182,1,'fdeb53bbbe502b3f8426b11b8d9f6eae60b9676a3c8e6f9df8d1ac2d0bf22bc3d1a44c','2018-11-26 09:18:52'),
(183,1,'dd8d3bd434e1b5f0597ae0f6a6fee88d28dd79e3a13f772dd27ce02e07ddb646d0d5dc','2018-11-26 09:39:24'),
(184,1,'95824770571532aa589cbb9ec3780544b599b9b30e8a0c0825736ce084dbcfdbeb5fc4','2018-11-26 10:42:17'),
(185,1,'46b63d0ed1ba91c81e5094edb7e6eef9f42a6cc27571990cfc88db4d1a29d68e12ba61','2018-11-26 11:14:58'),
(186,1,'55c09650af3f95b15cfa12eac8e19fdba0a5b92cbac2fa28a0a00fa7ea59e193ead17f','2018-11-26 11:19:37'),
(187,1,'4f4826f306325df6c805ed026bcb301c38de4568b061ac1b6fe3d8c12a0250a504aa5a','2018-11-26 12:11:24'),
(188,1,'22ed2b3315f86358824ab4105a80654c0e24a9af6a9f1502892dfb798d0347aa9c086d','2018-11-26 14:26:09'),
(189,1,'331b6cf4c3dea7dc5590c49353b4f7aae4ebbc8866b917de1f4fc610353830c6bb3ca6','2018-11-26 14:35:13'),
(190,1,'fdbe65da43738a0788026c73a15888216a4d1884be1f5739eed4a078f24d29ad6f166a','2018-11-26 14:46:41'),
(191,1,'09f1d52bd7568b530c6c3dfe929b98af65e1c25d4deae6a37be953f223439e3e8e8d63','2018-11-26 15:19:49'),
(192,1,'f50d0bdcac2b772848e889d030da165ba41f719496b570a8fb13e71d52a1a188738a9c','2018-11-26 15:25:14'),
(193,1,'13e17a31f7d5778c981d6357d4f20e7d925ef71154aba200fabc0bda874f2cdb0cffd5','2018-11-26 15:27:51'),
(194,1,'ea4897a715da85090facdc763b6372d82e15f6eb1a4912c6d54b852dff09f97a0616fb','2018-11-26 15:31:25'),
(195,1,'5233783a471d2aca8839387f0e6d02292d6b6eae77c173897c587b78eedad7d543f4cb','2018-11-26 15:47:32'),
(196,1,'67ff9a87593f1a223cee9a79a3c7e4e7b3ccfc560fa71cb6f5e97d8003157414deb22d','2018-11-26 16:16:16'),
(197,1,'21314585799fda3eca8eeaa2a6217650f350f88b4177d606dd2c3f1966456f9bbdd43f','2018-11-26 16:36:36'),
(198,1,'8e16c36310249ff20d452aa19da3a83189686700a59916eedcf60c0e881bdd5d1c7c2c','2018-11-26 17:44:29'),
(199,1,'10d3fc9b931ed073a94f9c9910aaa9c83f231648ab0ed12d459655420b6df13d1dff4e','2018-11-26 17:49:53'),
(200,1,'ba6830da50ae8f2fb5582433053f26d677157d20b389b7d68ce29b8fdd54a5b94b6c9d','2018-11-26 18:35:25'),
(201,1,'a2a666a28cb8e10f72e9dc885675d0d173fa5ba4a2be85bc0d5b74fa546fbe83ba7cd2','2018-11-26 18:51:30'),
(202,1,'78df6b1bcb9413fc901a7a1220119267e4209bf4ef83943d2acad0ac9c54959f0648e0','2018-11-26 19:09:42'),
(203,1,'dddbe2f24fa8c2c7732da4505d698982a6255a562ec419b8e60ea3eced1bafdb7d6a99','2018-11-26 19:27:46'),
(204,1,'fc92376ff1f2a526a5f45dfc322685e833fbaaa72b2d17177872c3034a2236a0bc18eb','2018-11-26 19:31:38'),
(205,1,'306ef3faabf75e635574c882fd41ddaba2a4e530f5abbcf184a598253419fa44290f33','2018-11-26 19:40:24'),
(206,1,'1febe0a40d3b03ecab4d369d47702ba01149efcb008ef432cdd120c44a10339b6bd3b2','2018-11-26 19:44:58'),
(207,1,'06659afe5891272ec87972be247ec5615acd204690628de60eb8b6385a99fa9356ac4e','2018-11-26 19:52:36'),
(208,1,'512aff608ca7dc3b6cf2dc5cad32956bcb3da5137e621e3be91ec7ddd98bc0aaa646c6','2018-11-26 19:53:51'),
(209,1,'efa88863b57f8649b227b54908737f1c290293169e669b6d2529127b45f3595506a1b3','2018-11-27 08:56:35'),
(210,1,'274e5e4e679e5f59f8309dbda051bb90bc6eca3761f5f38dc5c1efe99c4e9e34228db9','2018-11-27 09:34:57'),
(211,1,'7a53d00b75cd43171df17f0b66503e199f3f21473ff75193e6deea38577fcec272f6cd','2018-11-27 10:43:38'),
(212,1,'42019dfcc6ba2567b9cc9f40b4db846c0128ecae294caaa846108b9c3019952c8189b8','2018-11-27 11:17:23'),
(213,1,'024751eb6cf25188d485f9fd7114294468605421c5696f894a172cf7e8267b800efcb3','2018-11-27 13:44:27'),
(214,1,'4fb390cb28eca3ffbbdaa6dd456e5bc2a5f5969ce8c898529d2fbde8841695c5ea20de','2018-11-27 14:02:24'),
(215,1,'98d0eba51d216a536a2304274b05b00c7f11f291a93dec32bd5c0afe53a4adfb45544e','2018-11-27 14:51:05'),
(216,1,'23d419d231d5309c35ffe37f06b28a9b0b3c8393b922a335f3e06bf5b9f05caf662981','2018-11-27 14:57:24'),
(217,1,'a4a0c2a4f9206502f1edad47f76236afd2d3980214569483a8a33eb25b340a28bea8b0','2018-11-27 15:19:53'),
(218,1,'02ccbbe5327fbed4d6d2032552d0ebc172d610a9396c57543b9bd1977f0591b90dab5f','2018-11-27 15:26:15'),
(219,1,'147d3d705d76614046eacd2c3165fe619e7dc9680ef8628fe7d26b36b8d6f9113eff97','2018-11-27 15:30:16'),
(220,1,'84d6bd2d889856f94c8e5ec64c41c06cee521884e3109e18cc3206abdffd53f145c168','2018-11-27 17:30:26'),
(221,1,'6d1392f64f272a8ddbfce1307661c4ebbeff54fb58e7c9a04b4b868e36818dc362668f','2018-11-27 17:50:05'),
(222,1,'4bfa8a8fe9f342de4869ec86236501b890d1c30f77907313c3721bcaf1c9a059980cc2','2018-11-27 19:13:22'),
(223,1,'cf47280a650de52523fbbb89bb6751e0a3c518cf5eeaaa6b4d37c26dc8cb17f1b39833','2018-11-27 19:15:30'),
(224,1,'333ffac936a56d188b7a75aa8470d8f3f4f42096b94b272e651da5ad8b5bc91d7db952','2018-11-28 10:19:52'),
(225,1,'47ece116b5aba63ecbeb4edbed62f6f2d0c3634955275ef5ee262018b7ccbcabf24873','2018-11-28 12:00:32'),
(226,1,'db2850d6533f40d338587c4b50d4fa9ab8416d191a14829e378393f346e6cf8242043d','2018-11-28 13:33:54'),
(227,1,'1332158dd624ff16d88b170c5e7b5449958bf5da62eb37f5cb70eae3d3540cb602d30f','2018-11-28 14:30:14'),
(228,1,'30f08501c58d146efaec2dd4d94e50bb9e8efe5fa9b193f06df52c7d94a035b41b2945','2018-11-28 14:33:07'),
(229,1,'1f277e780b3476539a95a13cbd6d82d4f7f57c40b4aeb3968e68806165fe543c2b6d24','2018-11-28 14:34:53'),
(230,1,'8100be5816ab3a2d0656ff57cfeb09929b31b9c434e6a3e1a0c857007dd8845caf154a','2018-11-28 14:42:31'),
(231,1,'6b644df86d1496facb549c99312560d9dcf48626eecf09d937f93a309c31f26fe8a5aa','2018-11-28 14:42:40'),
(232,1,'070a20705452689489ec5dda06df4e7c899f9d9647d016cc5a4ad151bbc366d97499e0','2018-11-28 15:08:13'),
(233,1,'fccba69196a781a953874062967042fc8e4452235eaf91c8a0f967ec49328bfca272df','2018-11-28 16:20:00'),
(234,1,'6d3e64310616dd25773feacf6588aa000ca3229bbb324cd8fc824a5b02c032a0b6eb45','2018-11-28 16:21:57'),
(235,1,'5598cea6dc3fb2adf440f61ce04cdec48e74cae9966c25e35f9c173026e84e830a2632','2018-11-29 09:26:05'),
(236,1,'b61546ba7dc5d6cb1a04d5452b37996482d0496d82a942c098241ec472ad1fd4ab642e','2018-11-29 11:42:31'),
(237,1,'daad62ffc1b52117632f01923547db1aff1d5c17f45fb938ec24ce21fbf38bcb06e18d','2018-11-29 14:03:45'),
(238,1,'e9dad1e4d363b4142bcd0e00669a4b3a30763e347d840702ab609d5de56c9a392c5352','2018-11-29 14:27:56'),
(239,1,'0b3e9ec069a8c2fb26a9132a45dc4e94d54e2b00a077882360cfe4d7c7975d75861d77','2018-11-29 15:55:33'),
(240,1,'0ed51dc43626b1c585fa9750203df5fd74d52049da892cb10aebdb2eee61e7d7aeeb20','2018-11-29 17:16:27'),
(241,1,'b94c08ffe9a3dfae524fd484bab9b4ddad4435eb375e02ba0dbb89ce42d4a6924f4c5c','2018-11-29 17:45:46'),
(242,1,'e1f0c89cd53b0ff76d9e96920ca0033c17cedfa795ff293b10a9e8576390428cf34702','2018-11-29 17:48:26'),
(243,1,'d32115264b78373f269a09e02ee5eb3ff81899d4a5612451f9f5a338e9906fca7ac98d','2018-11-29 17:56:05'),
(244,1,'cc21b0c8d4a9bd3b1daaa02c9c99d534d5fded31a07a5b9c7d891318055b46ec176002','2018-11-30 09:58:44'),
(245,1,'4c33c003c9eb481ee086f9f7f03be022746a14447f18c98a77a4990bd5a90f53a74258','2018-12-01 09:50:33'),
(246,1,'cd038839bc785b75024aceb3529e794340795dbd2fdf94e89c4bd16e57493e41bbbaef','2018-12-01 11:39:32'),
(247,1,'293add3009727886b20fa8d192b03bbbf6ee5e7ff992cae88467a00da2e1938d218ea8','2018-12-01 11:42:49'),
(248,1,'3961f2679bb5ed26f49e2612bbfce9b5158760d8e3e5eefb63ba20b35cb43e5fec84d4','2018-12-01 12:07:00'),
(249,1,'b4ed54c93102f8c81a3e4fb1469b8b32be532784be5b81aaac4b67bfdee40fec255836','2018-12-01 12:20:11'),
(250,1,'de061bb276cd2fa0fcdcef845f4372e25ab31d1c95cb68ccac8c3b38fc7e67c469e50c','2018-12-01 12:28:13'),
(251,1,'34545575e659e1231cb9c3d6fca9857dc7aff52e312172222f3d3967f0312c54248b1c','2018-12-01 12:51:08'),
(252,1,'a0c011d8d129104fb2760e0d7927afb378d0eacf43e7e3e081a08336c369bcab9d564f','2018-12-01 13:26:37'),
(253,1,'c6c9fbe9978b479ef0da75115a8f655bccbc53eda58aae011285bcf9c60676c0f8dd5c','2018-12-01 15:16:29'),
(254,1,'a5730f882477ef89938c1c3087ce93d600120b1d704c4ee5d913aadb4109df034e221c','2018-12-01 15:21:23'),
(255,1,'279cf803a29fcb7499c9ab0c25f17ebdbd71af08069a4d41ca32f7ddf459a7787bc4d2','2018-12-01 15:27:10'),
(256,1,'6f852034f449736c2edd337a21fc85505856ba9caf0d95685fd821cc79f14f93711b5f','2018-12-01 15:34:54'),
(257,1,'f6774cfe7362c94666c86cd1592611f53ecfff5e71fcaa642259c4f4b1842a3a509ff6','2018-12-01 15:36:50'),
(258,1,'55e9bcbec6bc06a0e959ce94910c072d23ff2b241181428816dfb61965e552b485c94c','2018-12-01 16:09:01'),
(259,1,'e7638ece53f397d9bb07412eaff583eacd9022f747b6a9fcf6aeb21c6a6c0b25af0356','2018-12-01 17:26:49'),
(260,1,'3c6ca4bc1109366923f97a82bbc98a6fb69d90fba69037206b119426c91bd539cfcda2','2018-12-01 17:31:29'),
(261,1,'5abbbfe3b0ef6690a94e50285c70fda2711e1e3ede31a12c3e6814d3bb58d1cc9f8cce','2018-12-01 17:38:47'),
(262,1,'c976062c3d5ab64994176bc9255a9902f6045dda76ee9518c605dd47f5c114fcc0fc3a','2018-12-01 17:57:13'),
(263,1,'79061a208d130c59a22f41b58bf9ae60a0e202a72d27d327d964de5d342239e80e6266','2018-12-01 02:03:19'),
(264,1,'4f36018085c8d9b7b9061f3c91afce116e47dc34c5bfe1c60a3b05051cfd174ff66878','2018-12-02 17:48:40'),
(265,1,'09ab6f77db5eb5bcbfe463a7695253837162a6677b10bdb489a3d234d16eb5e0e10025','2018-12-02 17:56:00'),
(266,1,'27630b4cc2668558c8fc0be50f675b5de4889698d9ff8c587c9d1641ea8bc2dae47d77','2019-08-10 21:23:29'),
(267,1,'803dabb165bef6c16c295f3fccb94a877b428e51411136f93f6ce0919821d61b072f0d','2019-08-10 21:29:32'),
(268,1,'cd513fb87abe5b17a7381180eac4c62c30d435ff7aacf053f280313fc39bf0c6dad6b8','2019-08-22 04:52:14'),
(269,1,'daf0cf917b55d1cd1c1b999f23fde0e6cd24a6d3ccbc74da1bb596f7fb791f5b7826c0','2019-08-24 20:34:31'),
(270,1,'2223543e02a97c3aa8b5a4743add3be78f07f82072aae0ad19887d91e86ad3b299282b','2019-08-24 23:45:09'),
(271,1,'407e1ca6bd119e35006786ba2d5816335b8bc0493e3585de9cf47ac312cf884a146765','2019-08-25 21:24:24'),
(272,1,'f4baf8bfb12e1754bd0c2874c5fd89f4efbca295e354e080d73a2581ece945a46f20f6','2019-08-25 22:32:41'),
(273,1,'a00867c373994dd3114c3895d6413a763b4021de1184f654bbe627914828bff7a6b042','2019-08-26 00:29:59'),
(274,1,'cd1eb71ef717c771290d7dd7606571caa418fe707fad254f2008f025e029a37ca491a3','2019-08-27 19:32:06'),
(275,1,'11cfbd8d3667d00e48c5911da0508821ee6efbdaf0bc7e8aaae62f96fc3e37d736619f','2020-11-26 19:37:26');

/*Table structure for table `tbl_user` */

DROP TABLE IF EXISTS `tbl_user`;

CREATE TABLE `tbl_user` (
  `id` int(11) NOT NULL AUTO_INCREMENT,
  `email_address` varchar(254) NOT NULL,
  `password` varchar(254) NOT NULL,
  `complete_name` varchar(254) NOT NULL,
  `user_type` enum('u','a') NOT NULL,
  `id_user_role` bigint(20) DEFAULT NULL,
  PRIMARY KEY (`id`)
) ENGINE=InnoDB AUTO_INCREMENT=2 DEFAULT CHARSET=latin1;

/*Data for the table `tbl_user` */

insert  into `tbl_user`(`id`,`email_address`,`password`,`complete_name`,`user_type`,`id_user_role`) values 
(1,'admin','fd74bdd901857b89f5737e5352a2a8a2d1f000aa4bed4aee47c95afaa37d0f99','admin','u',1);

/*Table structure for table `tbl_user_role` */

DROP TABLE IF EXISTS `tbl_user_role`;

CREATE TABLE `tbl_user_role` (
  `id` bigint(20) NOT NULL AUTO_INCREMENT,
  `user_role` varchar(100) DEFAULT NULL,
  `status` enum('1','0') DEFAULT '1',
  `is_admin` enum('1','0') DEFAULT '1',
  `created_by` bigint(20) DEFAULT NULL,
  `created_at` datetime DEFAULT NULL,
  PRIMARY KEY (`id`)
) ENGINE=InnoDB AUTO_INCREMENT=5 DEFAULT CHARSET=latin1;

/*Data for the table `tbl_user_role` */

insert  into `tbl_user_role`(`id`,`user_role`,`status`,`is_admin`,`created_by`,`created_at`) values 
(1,'Administrator','1','1',NULL,NULL),
(2,'Filer','1','1',NULL,NULL),
(3,'Biller','1','1',1,'2018-10-19 02:30:29'),
(4,'ATM Inputter','1','1',2,'2018-11-06 16:45:29');

/*Table structure for table `tbl_user_role_details` */

DROP TABLE IF EXISTS `tbl_user_role_details`;

CREATE TABLE `tbl_user_role_details` (
  `id` bigint(20) NOT NULL AUTO_INCREMENT,
  `id_user_role` bigint(20) DEFAULT NULL,
  `id_module` bigint(20) DEFAULT NULL,
  `add` enum('1','0') DEFAULT '0',
  `edit` enum('1','0') DEFAULT '0',
  `dlte` enum('1','0') DEFAULT '0' COMMENT 'This is the Delete',
  `view` enum('1','0') DEFAULT '0',
  `export` enum('1','0') DEFAULT '0',
  `import` enum('1','0') DEFAULT '0',
  `mask` enum('1','0') DEFAULT '0' COMMENT 'This is the PIN',
  PRIMARY KEY (`id`)
) ENGINE=InnoDB AUTO_INCREMENT=44 DEFAULT CHARSET=latin1;

/*Data for the table `tbl_user_role_details` */

insert  into `tbl_user_role_details`(`id`,`id_user_role`,`id_module`,`add`,`edit`,`dlte`,`view`,`export`,`import`,`mask`) values 
(13,1,1,'1','1','1','1','1','1','1'),
(14,1,2,'1','1','1','1','1','1','1'),
(15,1,3,'1','1','1','1','1','1','1'),
(16,1,4,'1','1','1','1','1','1','1'),
(17,1,5,'1','1','1','1','1','1','1'),
(18,1,6,'1','1','1','1','1','1','1'),
(19,1,7,'1','1','1','1','1','1','1'),
(20,1,8,'1','1','1','1','1','1','1'),
(21,1,9,'1','1','1','1','1','1','1'),
(22,1,10,'1','1','1','1','1','1','1'),
(23,1,11,'1','1','1','1','1','1','1'),
(24,1,12,'1','1','1','1','1','1','1'),
(37,4,1,'0','0','0','0','0','0','0'),
(38,4,2,'0','0','0','0','0','0','0'),
(39,4,3,'0','0','0','0','0','0','0'),
(40,4,4,'0','0','0','0','0','0','0'),
(41,4,5,'0','0','0','1','0','0','0'),
(42,4,9,'0','0','0','1','1','0','1'),
(43,4,11,'0','0','0','1','0','0','0');

/*!40101 SET SQL_MODE=@OLD_SQL_MODE */;
/*!40014 SET FOREIGN_KEY_CHECKS=@OLD_FOREIGN_KEY_CHECKS */;
/*!40014 SET UNIQUE_CHECKS=@OLD_UNIQUE_CHECKS */;
/*!40111 SET SQL_NOTES=@OLD_SQL_NOTES */;
